{
	"class_name" : "PinholeCameraParameters",
	"extrinsic" : 
	[
		0.99760344716387162,
		0.054237403597916241,
		0.042961218066032827,
		0.0,
		-0.041227089371664923,
		-0.032697272925777239,
		0.99861464812266698,
		0.0,
		0.055566980381349114,
		-0.99799258133223312,
		-0.03038286189819495,
		0.0,
		8.3217779798067752,
		5.6103588424173205,
		9.8905492732395555,
		1.0
	],
	"intrinsic" : 
	{
		"height" : 1080,
		"intrinsic_matrix" : 
		[
			935.30743608719376,
			0.0,
			0.0,
			0.0,
			935.30743608719376,
			0.0,
			959.5,
			539.5,
			1.0
		],
		"width" : 1920
	},
	"version_major" : 1,
	"version_minor" : 0
}