{
	"class_name" : "PinholeCameraParameters",
	"extrinsic" : 
	[
		0.99825910678624108,
		0.018678230911603411,
		-0.055945325169750711,
		0.0,
		0.05744511834409443,
		-0.092848312667319507,
		0.99402175489939082,
		0.0,
		0.013372138825532197,
		-0.99550505499713293,
		-0.093759646855063369,
		0.0,
		15.236449424513147,
		10.658586396602347,
		12.260818806096362,
		1.0
	],
	"intrinsic" : 
	{
		"height" : 1080,
		"intrinsic_matrix" : 
		[
			935.30743608719376,
			0.0,
			0.0,
			0.0,
			935.30743608719376,
			0.0,
			959.5,
			539.5,
			1.0
		],
		"width" : 1920
	},
	"version_major" : 1,
	"version_minor" : 0
}