{
	"class_name" : "PinholeCameraParameters",
	"extrinsic" : 
	[
		0.92256765315807832,
		0.09267521662866246,
		-0.37454002398839342,
		0.0,
		0.38577250055372775,
		-0.20403700149465953,
		0.8997491204983713,
		0.0,
		0.0069644212193054316,
		-0.97456667614068304,
		-0.22398948768453689,
		0.0,
		7.2602058181792115,
		12.845273535314004,
		22.25113041995241,
		1.0
	],
	"intrinsic" : 
	{
		"height" : 1080,
		"intrinsic_matrix" : 
		[
			935.30743608719376,
			0.0,
			0.0,
			0.0,
			935.30743608719376,
			0.0,
			959.5,
			539.5,
			1.0
		],
		"width" : 1920
	},
	"version_major" : 1,
	"version_minor" : 0
}