{
	"class_name" : "PinholeCameraParameters",
	"extrinsic" : 
	[
		0.98853707256735079,
		0.015180157891205675,
		0.15021324497650135,
		0.0,
		-0.14846475498813835,
		-0.083055206529514605,
		0.98542379167272587,
		0.0,
		0.027434880832334439,
		-0.99642932286978481,
		-0.079849432302163972,
		0.0,
		13.751139209933196,
		8.1163652711803866,
		18.779463691981544,
		1.0
	],
	"intrinsic" : 
	{
		"height" : 1080,
		"intrinsic_matrix" : 
		[
			935.30743608719376,
			0.0,
			0.0,
			0.0,
			935.30743608719376,
			0.0,
			959.5,
			539.5,
			1.0
		],
		"width" : 1920
	},
	"version_major" : 1,
	"version_minor" : 0
}